{"cameraMode":{"drawMode":0,"name":"Shaded","section":"Shading Mode"},"sceneLighting":false,"audioPlay":false,"sceneViewState":{"showFog":true,"showMaterialUpdate":false,"showSkybox":true,"showFlares":true,"showImageEffects":true,"showParticleSystems":true},"in2DMode":false,"pivot":{"x":4.735764503479004,"y":-4.508491516113281,"z":6.889849662780762},"rotation":{"x":0.06194842979311943,"y":0.9351260662078857,"z":-0.28191864490509035,"w":0.20548389852046967},"size":2.8578836917877199,"orthographic":false}