{"cameraMode":{"drawMode":0,"name":"Shaded","section":"Shading Mode"},"sceneLighting":true,"audioPlay":false,"sceneViewState":{"showFog":true,"showMaterialUpdate":false,"showSkybox":true,"showFlares":true,"showImageEffects":true,"showParticleSystems":true},"in2DMode":false,"pivot":{"x":-0.39910316467285159,"y":-1.1594324111938477,"z":7.842320442199707},"rotation":{"x":0.37704458832740786,"y":-0.24809864163398744,"z":0.1055707111954689,"w":0.8860808610916138},"size":45.83750534057617,"orthographic":false}