{"cameraMode":{"drawMode":0,"name":"Shaded","section":"Shading Mode"},"sceneLighting":true,"audioPlay":false,"sceneViewState":{"showFog":true,"showMaterialUpdate":false,"showSkybox":true,"showFlares":true,"showImageEffects":true,"showParticleSystems":true},"in2DMode":false,"pivot":{"x":3.124755620956421,"y":-0.02625274658203125,"z":1.4979248046875},"rotation":{"x":-0.3176623284816742,"y":0.027018964290618898,"z":-0.009055819362401963,"w":-0.9477756023406982},"size":24.162456512451173,"orthographic":false}