{"cameraMode":{"drawMode":0,"name":"Shaded","section":"Shading Mode"},"sceneLighting":false,"audioPlay":false,"sceneViewState":{"showFog":true,"showMaterialUpdate":false,"showSkybox":true,"showFlares":true,"showImageEffects":true,"showParticleSystems":true},"in2DMode":false,"pivot":{"x":0.5400000214576721,"y":2.5899999141693117,"z":-4.860000133514404},"rotation":{"x":-0.36135926842689516,"y":0.1184161975979805,"z":-0.04632457345724106,"w":-0.9237160086631775},"size":4.276673793792725,"orthographic":false}